scraped_at,origin,destination,departure_date,return_date,lowest_price,outbound_airline,inbound_airline,outbound_flight_number,inbound_flight_number,outbound_stops,inbound_stops,outbound_baggage,inbound_baggage,outbound_time,inbound_time,outbound_duration,inbound_duration,url
2026-08-31 15:26:58:561,TPE,NRT,2026-09-01,2026-09-08,"台幣 $10,928(含稅)",台灣虎航,台灣虎航,IT 700,IT 201,直達,直達,免費攜帶 1 件手提行李、第 1 件託運行李須加收費用,免費攜帶 1 件手提行李、第 1 件託運行李須加收費用,PM 3:30 ~ PM 7:55,AM 11:50 ~ PM 2:40,3 小時 25 分鐘,3 小時 50 分鐘,https://www.google.com/travel/flights?q=Flights%20to%20NRT%20from%20TPE%20on%202026-09-01%20through%202026-09-08&hl=zh-TW&curr=TWD
2026-08-31 15:27:20:023,TPE,NRT,2026-09-02,2026-09-09,"台幣 $8,154(含稅)",泰國獅航,捷星日本,SL 394,GK 11,直達,直達,免費攜帶 1 件手提行李,免費攜帶 1 件手提行李,PM 12:10 ~ PM 4:30,PM 10:40 ~ AM 1:30,3 小時 20 分鐘,3 小時 50 分鐘,https://www.google.com/travel/flights?q=Flights%20to%20NRT%20from%20TPE%20on%202026-09-02%20through%202026-09-09&hl=zh-TW&curr=TWD
2026-08-31 15:27:38:305,TPE,NRT,2026-09-03,2026-09-10,"台幣 $8,387(含稅)",酷航,酷航,TR 866,TR 875,直達,直達,免費攜帶 1 件手提行李、第 1 件託運行李須加收費用,免費攜帶 1 件手提行李、第 1 件託運行李須加收費用,AM 6:45 ~ AM 11:15,PM 9:15 ~ PM 11:55,3 小時 30 分鐘,3 小時 40 分鐘,https://www.google.com/travel/flights?q=Flights%20to%20NRT%20from%20TPE%20on%202026-09-03%20through%202026-09-10&hl=zh-TW&curr=TWD
2026-08-31 15:28:05:766,TPE,NRT,2026-09-04,2026-09-11,"台幣 $10,332(含稅)",泰國獅航,泰國獅航,SL 394,SL 395,直達,直達,免費攜帶 1 件手提行李,免費攜帶 1 件手提行李,PM 12:10 ~ PM 4:30,PM 5:40 ~ PM 8:20,3 小時 20 分鐘,3 小時 40 分鐘,https://www.google.com/travel/flights?q=Flights%20to%20NRT%20from%20TPE%20on%202026-09-04%20through%202026-09-11&hl=zh-TW&curr=TWD
2026-08-31 15:28:33:938,TPE,NRT,2026-09-05,2026-09-12,"台幣 $8,703(含稅)",泰國獅航,泰國獅航,SL 394,SL 395,直達,直達,免費攜帶 1 件手提行李,免費攜帶 1 件手提行李,PM 12:10 ~ PM 4:30,PM 5:40 ~ PM 8:20,3 小時 20 分鐘,3 小時 40 分鐘,https://www.google.com/travel/flights?q=Flights%20to%20NRT%20from%20TPE%20on%202026-09-05%20through%202026-09-12&hl=zh-TW&curr=TWD
2026-08-31 15:28:52:190,TPE,NRT,2026-09-06,2026-09-13,"台幣 $11,528(含稅)",台灣虎航,台灣虎航,IT 200,IT 201,直達,直達,免費攜帶 1 件手提行李、第 1 件託運行李須加收費用,免費攜帶 1 件手提行李、第 1 件託運行李須加收費用,AM 6:35 ~ AM 11:00,AM 11:50 ~ PM 2:40,3 小時 25 分鐘,3 小時 50 分鐘,https://www.google.com/travel/flights?q=Flights%20to%20NRT%20from%20TPE%20on%202026-09-06%20through%202026-09-13&hl=zh-TW&curr=TWD
2026-08-31 15:29:18:397,TPE,NRT,2026-09-07,2026-09-14,"台幣 $10,532(含稅)",泰國獅航,泰國獅航,SL 394,SL 395,直達,直達,免費攜帶 1 件手提行李,免費攜帶 1 件手提行李,PM 12:10 ~ PM 4:30,PM 5:40 ~ PM 8:20,3 小時 20 分鐘,3 小時 40 分鐘,https://www.google.com/travel/flights?q=Flights%20to%20NRT%20from%20TPE%20on%202026-09-07%20through%202026-09-14&hl=zh-TW&curr=TWD
2026-08-31 15:29:39:371,TPE,NRT,2026-09-08,2026-09-15,"台幣 $8,235(含稅)",酷航,捷星日本,TR 866,GK 11,直達,直達,免費攜帶 1 件手提行李、第 1 件託運行李須加收費用,免費攜帶 1 件手提行李、第 1 件託運行李須加收費用,AM 6:45 ~ AM 11:15,PM 10:40 ~ AM 1:30,3 小時 30 分鐘,3 小時 50 分鐘,https://www.google.com/travel/flights?q=Flights%20to%20NRT%20from%20TPE%20on%202026-09-08%20through%202026-09-15&hl=zh-TW&curr=TWD
2026-08-31 15:29:57:321,TPE,NRT,2026-09-09,2026-09-16,"台幣 $8,380(含稅)",酷航,酷航,TR 866,TR 867,直達,直達,免費攜帶 1 件手提行李、第 1 件託運行李須加收費用,免費攜帶 1 件手提行李、第 1 件託運行李須加收費用,AM 6:45 ~ AM 11:15,PM 12:30 ~ PM 3:10,3 小時 30 分鐘,3 小時 40 分鐘,https://www.google.com/travel/flights?q=Flights%20to%20NRT%20from%20TPE%20on%202026-09-09%20through%202026-09-16&hl=zh-TW&curr=TWD
2026-08-31 15:30:18:401,TPE,NRT,2026-09-10,2026-09-17,"台幣 $12,028(含稅)",台灣虎航,台灣虎航,IT 200,IT 201,直達,直達,免費攜帶 1 件手提行李、第 1 件託運行李須加收費用,免費攜帶 1 件手提行李、第 1 件託運行李須加收費用,AM 6:35 ~ AM 11:00,AM 11:50 ~ PM 2:40,3 小時 25 分鐘,3 小時 50 分鐘,https://www.google.com/travel/flights?q=Flights%20to%20NRT%20from%20TPE%20on%202026-09-10%20through%202026-09-17&hl=zh-TW&curr=TWD
2026-08-31 15:30:45:939,TPE,NRT,2026-09-11,2026-09-18,"台幣 $18,532(含稅)",泰國獅航,泰國獅航,SL 394,SL 395,直達,直達,免費攜帶 1 件手提行李,免費攜帶 1 件手提行李,PM 12:10 ~ PM 4:30,PM 5:40 ~ PM 8:20,3 小時 20 分鐘,3 小時 40 分鐘,https://www.google.com/travel/flights?q=Flights%20to%20NRT%20from%20TPE%20on%202026-09-11%20through%202026-09-18&hl=zh-TW&curr=TWD
2026-08-31 15:31:04:681,TPE,NRT,2026-09-12,2026-09-19,"台幣 $19,128(含稅)",台灣虎航,台灣虎航,IT 200,IT 203,直達,直達,免費攜帶 1 件手提行李、第 1 件託運行李須加收費用,免費攜帶 1 件手提行李、第 1 件託運行李須加收費用,AM 6:35 ~ AM 11:00,PM 7:30 ~ PM 10:35,3 小時 25 分鐘,4 小時 5 分鐘,https://www.google.com/travel/flights?q=Flights%20to%20NRT%20from%20TPE%20on%202026-09-12%20through%202026-09-19&hl=zh-TW&curr=TWD
2026-08-31 15:31:25:529,TPE,NRT,2026-09-13,2026-09-20,"台幣 $15,791(含稅)",國泰航空,國泰航空,CX 450,CX 451,直達,直達,免費攜帶 1 件手提行李、第 1 件託運行李免費,免費攜帶 1 件手提行李、第 1 件託運行李免費,PM 1:00 ~ PM 5:15,PM 3:45 ~ PM 6:25,3 小時 15 分鐘,3 小時 40 分鐘,https://www.google.com/travel/flights?q=Flights%20to%20NRT%20from%20TPE%20on%202026-09-13%20through%202026-09-20&hl=zh-TW&curr=TWD
2026-08-31 15:31:46:030,TPE,NRT,2026-09-14,2026-09-21,"台幣 $8,533(含稅)",酷航,捷星日本,TR 866,GK 11,直達,直達,免費攜帶 1 件手提行李、第 1 件託運行李須加收費用,免費攜帶 1 件手提行李、第 1 件託運行李須加收費用,AM 6:45 ~ AM 11:15,PM 10:40 ~ AM 1:30,3 小時 30 分鐘,3 小時 50 分鐘,https://www.google.com/travel/flights?q=Flights%20to%20NRT%20from%20TPE%20on%202026-09-14%20through%202026-09-21&hl=zh-TW&curr=TWD
2026-08-31 15:32:05:385,TPE,NRT,2026-09-15,2026-09-22,"台幣 $7,354(含稅)",台灣虎航,捷星日本,IT 200,GK 11,直達,直達,免費攜帶 1 件手提行李、第 1 件託運行李須加收費用,免費攜帶 1 件手提行李、第 1 件託運行李須加收費用,AM 6:35 ~ AM 11:00,PM 10:40 ~ AM 1:30,3 小時 25 分鐘,3 小時 50 分鐘,https://www.google.com/travel/flights?q=Flights%20to%20NRT%20from%20TPE%20on%202026-09-15%20through%202026-09-22&hl=zh-TW&curr=TWD
2026-08-31 15:32:41:112,TPE,JFK,2026-09-01,2026-09-15,"台幣 $28,645(含稅)",達美航空,達美航空,DL 68,DL 1719,轉機1次,轉機1次,免費攜帶 1 件手提行李、第 1 件託運行李免費,免費攜帶 1 件手提行李、第 1 件託運行李免費,AM 9:40 ~ PM 3:49,PM 12:00 ~ PM 7:55,18 小時 9 分鐘,19 小時 55 分鐘,https://www.google.com/travel/flights?q=Flights%20to%20JFK%20from%20TPE%20on%202026-09-01%20through%202026-09-15&hl=zh-TW&curr=TWD
2026-08-31 15:33:02:257,TPE,JFK,2026-09-02,2026-09-16,"台幣 $28,645(含稅)",達美航空,達美航空,DL 68,DL 1719,轉機1次,轉機1次,免費攜帶 1 件手提行李、第 1 件託運行李免費,免費攜帶 1 件手提行李、第 1 件託運行李免費,AM 9:35 ~ PM 3:49,PM 12:00 ~ PM 7:55,18 小時 14 分鐘,19 小時 55 分鐘,https://www.google.com/travel/flights?q=Flights%20to%20JFK%20from%20TPE%20on%202026-09-02%20through%202026-09-16&hl=zh-TW&curr=TWD
2026-08-31 15:33:25:995,TPE,JFK,2026-09-03,2026-09-17,"台幣 $28,645(含稅)",達美航空,達美航空,DL 68,DL 699,轉機2次,轉機1次,免費攜帶 1 件手提行李、第 1 件託運行李免費,免費攜帶 1 件手提行李、第 1 件託運行李免費,AM 9:50 ~ PM 8:09,AM 7:05 ~ PM 7:55,22 小時 19 分鐘,24 小時 50 分鐘,https://www.google.com/travel/flights?q=Flights%20to%20JFK%20from%20TPE%20on%202026-09-03%20through%202026-09-17&hl=zh-TW&curr=TWD
2026-08-31 15:33:43:515,TPE,JFK,2026-09-04,2026-09-18,"台幣 $30,585(含稅)",達美航空,達美航空,DL 68,DL 1719,轉機1次,轉機1次,免費攜帶 1 件手提行李、第 1 件託運行李免費,免費攜帶 1 件手提行李、第 1 件託運行李免費,AM 9:35 ~ PM 3:49,PM 12:00 ~ PM 7:55,18 小時 14 分鐘,19 小時 55 分鐘,https://www.google.com/travel/flights?q=Flights%20to%20JFK%20from%20TPE%20on%202026-09-04%20through%202026-09-18&hl=zh-TW&curr=TWD
2026-08-31 15:34:01:779,TPE,JFK,2026-09-05,2026-09-19,"台幣 $43,496(含稅)",中華航空,達美航空,CI 4,DL 1719,轉機1次,轉機1次,免費攜帶 1 件手提行李、可免費託運 2 件行李、第 1 件託運行李免費,免費攜帶 1 件手提行李、可免費託運 2 件行李、第 1 件託運行李免費,PM 11:30 ~ AM 7:19,PM 12:00 ~ PM 7:55,19 小時 49 分鐘,19 小時 55 分鐘,https://www.google.com/travel/flights?q=Flights%20to%20JFK%20from%20TPE%20on%202026-09-05%20through%202026-09-19&hl=zh-TW&curr=TWD
2026-08-31 15:34:24:343,TPE,JFK,2026-09-06,2026-09-20,"台幣 $30,585(含稅)",達美航空,達美航空,DL 68,DL 1719,轉機2次,轉機1次,免費攜帶 1 件手提行李、第 1 件託運行李免費,免費攜帶 1 件手提行李、第 1 件託運行李免費,AM 9:35 ~ PM 9:25,PM 12:00 ~ PM 7:55,23 小時 50 分鐘,19 小時 55 分鐘,https://www.google.com/travel/flights?q=Flights%20to%20JFK%20from%20TPE%20on%202026-09-06%20through%202026-09-20&hl=zh-TW&curr=TWD
2026-08-31 15:34:43:374,TPE,JFK,2026-09-07,2026-09-21,"台幣 $28,645(含稅)",達美航空,達美航空,DL 68,DL 1719,轉機1次,轉機1次,免費攜帶 1 件手提行李、第 1 件託運行李免費,免費攜帶 1 件手提行李、第 1 件託運行李免費,AM 9:35 ~ PM 3:49,PM 12:00 ~ PM 7:55,18 小時 14 分鐘,19 小時 55 分鐘,https://www.google.com/travel/flights?q=Flights%20to%20JFK%20from%20TPE%20on%202026-09-07%20through%202026-09-21&hl=zh-TW&curr=TWD
2026-08-31 15:35:04:524,TPE,JFK,2026-09-08,2026-09-22,"台幣 $28,645(含稅)",達美航空,達美航空,DL 68,DL 1719,轉機1次,轉機1次,免費攜帶 1 件手提行李、第 1 件託運行李免費,免費攜帶 1 件手提行李、第 1 件託運行李免費,AM 9:40 ~ AM 6:53,PM 12:00 ~ PM 7:55,33 小時 13 分鐘,19 小時 55 分鐘,https://www.google.com/travel/flights?q=Flights%20to%20JFK%20from%20TPE%20on%202026-09-08%20through%202026-09-22&hl=zh-TW&curr=TWD
2026-08-31 15:35:26:380,TPE,JFK,2026-09-09,2026-09-23,"台幣 $30,456(含稅)",達美航空,達美航空,DL 68,DL 1719,轉機1次,轉機1次,免費攜帶 1 件手提行李、第 1 件託運行李免費,免費攜帶 1 件手提行李、第 1 件託運行李免費,AM 9:35 ~ PM 3:45,PM 12:00 ~ PM 7:55,18 小時 10 分鐘,19 小時 55 分鐘,https://www.google.com/travel/flights?q=Flights%20to%20JFK%20from%20TPE%20on%202026-09-09%20through%202026-09-23&hl=zh-TW&curr=TWD
2026-08-31 15:35:45:082,TPE,JFK,2026-09-10,2026-09-24,"台幣 $28,645(含稅)",達美航空,達美航空,DL 68,DL 1719,轉機1次,轉機1次,免費攜帶 1 件手提行李、第 1 件託運行李免費,免費攜帶 1 件手提行李、第 1 件託運行李免費,AM 9:50 ~ PM 8:27,PM 12:00 ~ PM 7:55,22 小時 37 分鐘,19 小時 55 分鐘,https://www.google.com/travel/flights?q=Flights%20to%20JFK%20from%20TPE%20on%202026-09-10%20through%202026-09-24&hl=zh-TW&curr=TWD
2026-08-31 15:36:06:183,TPE,JFK,2026-09-11,2026-09-25,"台幣 $30,585(含稅)",達美航空,達美航空,DL 68,DL 699,轉機1次,轉機1次,免費攜帶 1 件手提行李、第 1 件託運行李免費,免費攜帶 1 件手提行李、第 1 件託運行李免費,AM 9:35 ~ PM 3:45,AM 7:05 ~ PM 7:55,18 小時 10 分鐘,24 小時 50 分鐘,https://www.google.com/travel/flights?q=Flights%20to%20JFK%20from%20TPE%20on%202026-09-11%20through%202026-09-25&hl=zh-TW&curr=TWD
2026-08-31 15:36:26:135,TPE,JFK,2026-09-12,2026-09-26,"台幣 $32,396(含稅)",達美航空,達美航空,DL 68,DL 2414,轉機1次,轉機2次,免費攜帶 1 件手提行李、第 1 件託運行李免費,免費攜帶 1 件手提行李、第 1 件託運行李免費,AM 9:40 ~ PM 3:45,PM 12:00 ~ PM 7:55,18 小時 5 分鐘,43 小時 55 分鐘,https://www.google.com/travel/flights?q=Flights%20to%20JFK%20from%20TPE%20on%202026-09-12%20through%202026-09-26&hl=zh-TW&curr=TWD
2026-08-31 15:36:45:873,TPE,JFK,2026-09-13,2026-09-27,"台幣 $30,585(含稅)",達美航空,達美航空,DL 68,DL 1719,轉機1次,轉機1次,免費攜帶 1 件手提行李、第 1 件託運行李免費,免費攜帶 1 件手提行李、第 1 件託運行李免費,AM 9:35 ~ PM 3:45,PM 12:00 ~ PM 7:55,18 小時 10 分鐘,19 小時 55 分鐘,https://www.google.com/travel/flights?q=Flights%20to%20JFK%20from%20TPE%20on%202026-09-13%20through%202026-09-27&hl=zh-TW&curr=TWD
2026-08-31 15:37:05:953,TPE,JFK,2026-09-14,2026-09-28,"台幣 $28,645(含稅)",達美航空,達美航空,DL 68,DL 699,轉機2次,轉機1次,免費攜帶 1 件手提行李、第 1 件託運行李免費,免費攜帶 1 件手提行李、第 1 件託運行李免費,AM 9:35 ~ PM 9:18,AM 7:05 ~ PM 7:55,23 小時 43 分鐘,24 小時 50 分鐘,https://www.google.com/travel/flights?q=Flights%20to%20JFK%20from%20TPE%20on%202026-09-14%20through%202026-09-28&hl=zh-TW&curr=TWD
2026-08-31 15:37:28:365,TPE,JFK,2026-09-15,2026-09-29,"台幣 $28,645(含稅)",達美航空,達美航空,DL 68,DL 1719,轉機1次,轉機1次,免費攜帶 1 件手提行李、第 1 件託運行李免費,免費攜帶 1 件手提行李、第 1 件託運行李免費,AM 9:40 ~ PM 3:45,PM 12:00 ~ PM 7:55,18 小時 5 分鐘,19 小時 55 分鐘,https://www.google.com/travel/flights?q=Flights%20to%20JFK%20from%20TPE%20on%202026-09-15%20through%202026-09-29&hl=zh-TW&curr=TWD
